AssayIdentifier,Acetate ,Isobutyrate ,Succinate ,Butyrate ,Glucose ,Propionate ,Lactate ,Formate ,Project,TimePoint,Day,Time_hr,StudyIdentifier,SampleIdentifier,Acetate_Feed,DisturbanceCarbs,Type,BlautiaHydro,Fasting,OpticalDensity,pH,Short_sample,Fasting_condition,DilutionRate (mL/hour),Comments,DisturbanceCarbs_2,TimePoint,Note,RNASeq
F5T0,30.569,1.0143,0.3487,0,1.2311,3.3572,1.9922,1.3121,MDb-MM,T0,1,0,Bioreactor_A,Ferm_55_5_0,YES,NormalCarbohydrates,Batch,NO,NO,1,,,NO,10,RunNormal,BatchNormalCarbohydrates,T0,Normal,NO
F6T0,23.6263,0.4267,0.0183,0.5121,0.7173,2.5108,1.541,0.3339,MDb-MM,T0,1,0,Bioreactor_B,Ferm_55_6_0,YES,NormalCarbohydrates,Batch,NO,NO,0.93,,,NO,10,RunNormal,BatchNormalCarbohydrates,T0,Normal,NO
F8T0,24.2707,8.0328,0.3892,0.5324,1.0347,2.7673,1.7647,1.4015,MDb-MM,T0,1,0,Bioreactor_C,Ferm_55_8_0,YES,NormalCarbohydrates,Batch,NO,NO,0.92,,,NO,10,RunNormal,BatchNormalCarbohydrates,T0,Normal,NO
F5T4,36.228,3.4847,0.9077,4.2316,0.1765,8.3989,2.385,4.9564,MDb-MM,T4,1,4,Bioreactor_A,Ferm_2_5_4,YES,NormalCarbohydrates,Batch,NO,NO,1.45,,,NO,10,RunNormal,BatchNormalCarbohydrates,T4,Normal,NO
F6T4,29.3437,2.6888,0.6286,3.778,0.7745,5.8274,1.9468,3.2664,MDb-MM,T4,1,4,Bioreactor_B,Ferm_2_6_4,YES,NormalCarbohydrates,Batch,NO,NO,0.97,,,NO,10,RunNormal,BatchNormalCarbohydrates,T4,Normal,NO
F8T4,33.8627,4.2099,0.8131,5.0187,0.634,6.4227,2.3393,4.1333,MDb-MM,T4,1,4,Bioreactor_C,Ferm_2_8_4,YES,NormalCarbohydrates,Batch,NO,NO,1.45,,,NO,10,RunNormal,BatchNormalCarbohydrates,T4,Normal,NO
F5T8,29.1986,3.3724,1.8941,6.7782,0.7786,6.1903,1.1644,4.2371,MDb-MM,T8,1,8,Bioreactor_A,Ferm_33_5_8,YES,NormalCarbohydrates,Batch,NO,NO,3.75,,,NO,10,RunNormal,BatchNormalCarbohydrates,T8,Normal,NO
F6T8,37.3704,4.1863,2.032,6.4371,0,6.7945,1.7643,4.7054,MDb-MM,T8,1,8,Bioreactor_B,Ferm_33_6_8,YES,NormalCarbohydrates,Batch,NO,NO,2.55,,,NO,10,RunNormal,BatchNormalCarbohydrates,T8,Normal,NO
F8T8,44.9988,5.2742,3.0887,11.4025,0,9.9585,0.9918,6.6886,MDb-MM,T8,1,8,Bioreactor_C,Ferm_33_8_8,YES,NormalCarbohydrates,Batch,NO,NO,3.95,,,NO,10,RunNormal,BatchNormalCarbohydrates,T8,Normal,NO
F5T12,45.0441,0.6297,4.9724,6.973,0,10.0952,0,3.315,MDb-MM,T12,1,12,Bioreactor_A,Ferm_50_5_12,YES,NormalCarbohydrates,Batch,NO,NO,5.1,,,NO,10,RunNormal,BatchNormalCarbohydrates,T12,Normal,NO
F6T12,43.8167,1.3126,4.0297,7.516,0,7.7359,0,2.9573,MDb-MM,T12,1,12,Bioreactor_B,Ferm_50_6_12,YES,NormalCarbohydrates,Batch,NO,NO,4.15,,,NO,10,RunNormal,BatchNormalCarbohydrates,T12,Normal,NO
F8T12,46.5591,1.3022,5.1006,7.6815,0,10.7279,0,2.734,MDb-MM,T12,1,12,Bioreactor_C,Ferm_50_8_12,YES,NormalCarbohydrates,Batch,NO,NO,5.55,,,NO,10,RunNormal,BatchNormalCarbohydrates,T12,Normal,NO
F5T24,48.1357,1.5438,4.0192,9.1906,0.0036,15.2178,0.0977,0.2395,MDb-MM,T24,2,24,Bioreactor_A,Ferm_9_5_24,YES,NormalCarbohydrates,Batch,NO,NO,5.1,,,NO,10,RunNormal,BatchNormalCarbohydrates,T24,Normal,YES
F6T24,53.5898,1.4872,3.7979,9.9117,0,17.1253,0.2512,0.6622,MDb-MM,T24,2,24,Bioreactor_B,Ferm_9_6_24,YES,NormalCarbohydrates,Batch,NO,NO,4.8,,,NO,10,RunNormal,BatchNormalCarbohydrates,T24,Normal,YES
F8T24,51.4089,1.5815,4.1224,10.5695,0,16.8316,0.2588,1.2212,MDb-MM,T24,2,24,Bioreactor_C,Ferm_9_8_24,YES,NormalCarbohydrates,Batch,NO,NO,5,,,NO,10,RunNormal,BatchNormalCarbohydrates,T24,Normal,YES
F5T28,56.192,1.8443,5.7909,11.7138,0,18.356,0,1.4858,MDb-MM,T28,2,28,Bioreactor_A,Ferm_43_5_28,YES,SipkeNormalCarbohydrates,Continous,NO,NO,7.5,,,NO,10,RunNormal,ContinousSipkeNormalCarbohydrates,T28,Normal,YES
F6T28,64.2186,2.2486,5.2668,15.4889,0,22.0544,0,1.2367,MDb-MM,T28,2,28,Bioreactor_B,Ferm_43_6_28,YES,SipkeNormalCarbohydrates,Continous,NO,NO,6.7,,,NO,10,RunNormal,ContinousSipkeNormalCarbohydrates,T28,Normal,YES
F8T28,55.5354,1.854,4.5401,12.9745,0,22.1041,0,1.6304,MDb-MM,T28,2,28,Bioreactor_C,Ferm_43_8_28,YES,SipkeNormalCarbohydrates,Continous,NO,NO,6.5,,,NO,10,RunNormal,ContinousSipkeNormalCarbohydrates,T28,Normal,YES
F5T32,59.1814057,0,6.272071019,18.05432903,0.220836331,19.47413306,0,2.483465907,MDb-MM,T32,2,32,Bioreactor_A,Ferm_25_5_32,YES,SipkeNormalCarbohydrates,Continous,NO,NO,7.5,,,NO,10,RunNormal,ContinousSipkeNormalCarbohydrates,T32,Normal,YES
F6T32,60.09719396,0,5.212827103,20.1253958,0.181647905,19.40857867,0,1.548287018,MDb-MM,T32,2,32,Bioreactor_B,Ferm_25_6_32,YES,SipkeNormalCarbohydrates,Continous,NO,NO,7.7,,,NO,10,RunNormal,ContinousSipkeNormalCarbohydrates,T32,Normal,YES
F8T32,44.15743791,0,4.051581902,14.23381156,0.147438597,15.10472503,0,1.752745466,MDb-MM,T32,2,32,Bioreactor_C,Ferm_25_8_32,YES,SipkeNormalCarbohydrates,Continous,NO,NO,7.5,,,NO,10,RunNormal,ContinousSipkeNormalCarbohydrates,T32,Normal,YES
F5T48,56.3268,2.5102,2.3491,13.6381,0.0621,22.2548,0.1984,0,MDb-MM,T48,3,48,Bioreactor_A,Ferm_28_5_48,YES,SipkeNormalCarbohydrates,Continous,NO,YES,5.9,,,YES,10,RunNormal,FastingContinousSipkeNormalCarbohydrates,T48,Normal,YES
F6T48,62.7473,2.2118,1.6851,17.1754,0.0559,24.0526,0.0451,0,MDb-MM,T48,3,48,Bioreactor_B,Ferm_28_6_48,YES,SipkeNormalCarbohydrates,Continous,NO,YES,6.8,,,YES,10,RunNormal,FastingContinousSipkeNormalCarbohydrates,T48,Normal,YES
F8T48,58.6735,1.9695,1.5674,16.2535,0,28.5415,0.1136,0,MDb-MM,T48,3,48,Bioreactor_C,Ferm_28_8_48,YES,SipkeNormalCarbohydrates,Continous,NO,YES,6.2,,,YES,10,RunNormal,FastingContinousSipkeNormalCarbohydrates,T48,Normal,YES
F5T52,57.1213859,0,3.344803909,16.580283,0.24582167,20.79370093,0,1.39662721,MDb-MM,T52,3,52,Bioreactor_A,Ferm_5_5_52,YES,SipkeNormalCarbohydrates,Continous,NO,NO,7.5,,,NO,10,RunNormal,ContinousSipkeNormalCarbohydrates,T52,Normal,YES
F6T52,59.35063541,0,3.157732547,18.9354577,0.232782814,21.52008816,0,1.271724753,MDb-MM,T52,3,52,Bioreactor_B,Ferm_5_6_52,YES,SipkeNormalCarbohydrates,Continous,NO,NO,8,,,NO,10,RunNormal,ContinousSipkeNormalCarbohydrates,T52,Normal,YES
F8T52,52.16446363,0,2.953632021,17.40438098,0.225787642,20.86060755,0,1.338937913,MDb-MM,T52,3,52,Bioreactor_C,Ferm_5_8_52,YES,SipkeNormalCarbohydrates,Continous,NO,NO,8.6,,,NO,10,RunNormal,ContinousSipkeNormalCarbohydrates,T52,Normal,YES
F5T56,51.395,2.0552,2.4237,12.3822,0.0892,21.2401,0,1.4362,MDb-MM,T56,3,56,Bioreactor_A,Ferm_54_5_56,YES,SipkeNormalCarbohydrates,Continous,NO,NO,7.7,,,NO,10,RunNormal,ContinousSipkeNormalCarbohydrates,T56,Normal,YES
F6T56,58.2187,2.4231,1.7743,17.0699,0.0666,22.4489,0,0,MDb-MM,T56,3,56,Bioreactor_B,Ferm_54_6_56,YES,SipkeNormalCarbohydrates,Continous,NO,NO,8,,,NO,10,RunNormal,ContinousSipkeNormalCarbohydrates,T56,Normal,YES
F8T56,46.8025,1.849,1.5561,14.4078,0.059,20.1191,0,0,MDb-MM,T56,3,56,Bioreactor_C,Ferm_54_8_56,YES,SipkeNormalCarbohydrates,Continous,NO,NO,8,,,NO,10,RunNormal,ContinousSipkeNormalCarbohydrates,T56,SwitchedwithFerm_NTC_2_2,YES
F5T72,42.8054,1.6254,0.2182,11.2702,0.0582,19.6556,0.2451,0,MDb-MM,T72,4,72,Bioreactor_A,Ferm_47_5_72,YES,SipkeNormalCarbohydrates,Continous,NO,YES,6.4,,,YES,10,RunNormal,FastingContinousSipkeNormalCarbohydrates,T72,Normal,NO
F6T72,43.2469,1.5213,0.0823,11.9467,0.0589,19.1008,0.2869,0,MDb-MM,T72,4,72,Bioreactor_B,Ferm_47_6_72,YES,SipkeNormalCarbohydrates,Continous,NO,YES,6.5,,,YES,10,RunNormal,FastingContinousSipkeNormalCarbohydrates,T72,Normal,NO
F8T72,41.4858,1.3982,0,12.4403,0.0068,19.7696,0,1.6351,MDb-MM,T72,4,72,Bioreactor_C,Ferm_47_8_72,YES,SipkeNormalCarbohydrates,Continous,NO,YES,6.6,,,YES,10,RunNormal,FastingContinousSipkeNormalCarbohydrates,T72,SwitchedwithFerm_NTC_2_1,NO
F5T74.5,50.1065,1.9973,0.8647,12.8875,0.0843,22.2256,0,0,MDb-MM,T74.5,4,74.5,Bioreactor_A,Ferm_51_5_74_5,YES,SipkeNormalCarbohydrates,Continous,NO,NO,7.5,,YES,NO,10,RunNormal,ContinousSipkeNormalCarbohydrates,T74.5,Normal,YES
F6T74.5,54.7203,2.106,1.119,15.3631,0.0934,23.2243,0.2898,0,MDb-MM,T74.5,4,74.5,Bioreactor_B,Ferm_51_6_74_5,YES,SipkeNormalCarbohydrates,Continous,NO,NO,7.8,,YES,NO,10,RunNormal,ContinousSipkeNormalCarbohydrates,T74.5,Normal,YES
F8T74.5,42.1287,1.5757,0.9089,12.8875,0.0843,20.5894,0.2056,0,MDb-MM,T74.5,4,74.5,Bioreactor_C,Ferm_51_8_74_5,YES,SipkeNormalCarbohydrates,Continous,NO,NO,8,,YES,NO,10,RunNormal,ContinousSipkeNormalCarbohydrates,T74.5,Normal,YES
F5T76,59.4318,6.352,1.8167,19.0934,0,28.019,0.9807,6.362,MDb-MM,T76,4,76,Bioreactor_A,Ferm_29_5_76,YES,SipkeNormalCarbohydrates,Continous,NO,NO,7.5,,,NO,10,RunNormal,ContinousSipkeNormalCarbohydrates,T76,Normal,NO
F6T76,57.4009,4.3439,1.4695,18.629,0.1622,26.8804,0.6944,4.1391,MDb-MM,T76,4,76,Bioreactor_B,Ferm_29_6_76,YES,SipkeNormalCarbohydrates,Continous,NO,NO,7.5,,,NO,10,RunNormal,ContinousSipkeNormalCarbohydrates,T76,Normal,NO
F8T76,58.9193,4.8265,1.6229,21.828,0.1368,29.6032,0.8814,5.1367,MDb-MM,T76,4,76,Bioreactor_C,Ferm_29_8_76,YES,SipkeNormalCarbohydrates,Continous,NO,NO,7.8,,,NO,10,RunNormal,ContinousSipkeNormalCarbohydrates,T76,Normal,NO
F5T80.1,60.9026,5.6558,2.9298,21.2339,0.1882,29.0312,0,7.427,MDb-MM,T80,4,80,Bioreactor_A,Ferm_1_5_80,YES,SipkeNormalCarbohydrates,Continous,NO,NO,7.6,,,NO,10,RunNormal,FastingContinousSipkeNormalCarbohydrates,T80,Normal,NO
F6T80.1,66.2318,5.0315,2.9168,22.002,0.176,30.657,0,5.1904,MDb-MM,T80,4,80,Bioreactor_B,Ferm_1_6_80,YES,SipkeNormalCarbohydrates,Continous,NO,NO,8.4,,,NO,10,RunNormal,FastingContinousSipkeNormalCarbohydrates,T80,Normal,NO
F8T80.1,55.8846,4.2432,2.0817,20.0762,0.1634,27.9686,0.6284,4.7765,MDb-MM,T80,4,80,Bioreactor_C,Ferm_1_8_80,YES,SipkeNormalCarbohydrates,Continous,NO,NO,7.9,,,NO,10,RunNormal,FastingContinousSipkeNormalCarbohydrates,T80,Normal,NO
F5T80,60.9026,5.6558,2.9298,21.2339,0.1882,29.0312,0,7.427,MDb-MM,T80,4,80,Bioreactor_A,Ferm_21_5_80,YES,SipkeNormalCarbohydrates,Continous,NO,NO,7.6,,,NO,10,RunNormal,ContinousSipkeNormalCarbohydrates,T80,Normal,NO
F6T80,66.2318,5.0315,2.9168,22.002,0.176,30.657,0,5.1904,MDb-MM,T80,4,80,Bioreactor_B,Ferm_21_6_80,YES,SipkeNormalCarbohydrates,Continous,NO,NO,8.4,,,NO,10,RunNormal,ContinousSipkeNormalCarbohydrates,T80,Normal,NO
F8T80,55.8846,4.2432,2.0817,20.0762,0.1634,27.9686,0.6284,4.7765,MDb-MM,T80,4,80,Bioreactor_C,Ferm_21_8_80,YES,SipkeNormalCarbohydrates,Continous,NO,NO,7.9,,,NO,10,RunNormal,ContinousSipkeNormalCarbohydrates,T80,Normal,NO
F5T96,53.8035,6.3629,0.9673,19.2008,0.1701,27.0245,1.4039,5.7089,MDb-MM,T96,5,96,Bioreactor_A,Ferm_31_5_96,YES,SipkeNormalCarbohydrates,Continous,NO,YES,6.3,,,YES,10,RunNormal,ContinousSipkeNormalCarbohydrates,T96,Normal,NO
F6T96,57.6635,4.0721,1.4933,18.564,0.2831,28.2387,0,3.2606,MDb-MM,T96,5,96,Bioreactor_B,Ferm_31_6_96,YES,SipkeNormalCarbohydrates,Continous,NO,YES,6.9,,,YES,10,RunNormal,ContinousSipkeNormalCarbohydrates,T96,Normal,NO
F8T96,58.251,4.2839,1.7543,20.0418,0.1446,31.0368,0,4.3327,MDb-MM,T96,5,96,Bioreactor_C,Ferm_31_8_96,YES,SipkeNormalCarbohydrates,Continous,NO,YES,6.6,,,YES,10,RunNormal,ContinousSipkeNormalCarbohydrates,T96,Normal,NO
F5T100,58.49193203,0,1.990038794,15.2563802,0.242859465,22.67359953,0,2.090389186,MDb-MM,T100,5,100,Bioreactor_A,Ferm_15_5_100,YES,SipkeNormalCarbohydrates,Continous,NO,NO,7.2,,,NO,10,RunNormal,FastingContinousSipkeNormalCarbohydrates,T100,Normal,NO
F6T100,57.20846361,0,2.204658707,17.8053565,0.24236772,22.58727442,0,1.167391358,MDb-MM,T100,5,100,Bioreactor_B,Ferm_15_6_100,YES,SipkeNormalCarbohydrates,Continous,NO,NO,7.8,,,NO,10,RunNormal,FastingContinousSipkeNormalCarbohydrates,T100,Normal,NO
F8T100,54.15513705,0,1.869451791,16.91269288,0.273191425,22.98058592,0,0,MDb-MM,T100,5,100,Bioreactor_C,Ferm_15_8_100,YES,SipkeNormalCarbohydrates,Continous,NO,NO,8,,,NO,10,RunNormal,FastingContinousSipkeNormalCarbohydrates,T100,Normal,NO
F5T104,58.85188683,0,2.372965976,17.11342517,0.273351375,21.60968322,0,2.589447133,MDb-MM,T104,5,104,Bioreactor_A,Ferm_60_5_104,YES,SipkeNormalCarbohydrates,Continous,NO,NO,7.8,,,NO,10,RunNormal,ContinousSipkeNormalCarbohydrates,T104,Normal,NO
F6T104,60.91248705,0,2.546100737,19.11979668,0.297691334,22.48585544,0,1.934363384,MDb-MM,T104,5,104,Bioreactor_B,Ferm_60_6_104,YES,SipkeNormalCarbohydrates,Continous,NO,NO,8.4,,,NO,10,RunNormal,ContinousSipkeNormalCarbohydrates,T104,Normal,NO
F8T104,56.11471286,0,2.901928049,18.42392271,0.038851309,22.83500037,0,1.723200492,MDb-MM,T104,5,104,Bioreactor_C,Ferm_60_8_104,YES,SipkeNormalCarbohydrates,Continous,NO,NO,8.6,,,NO,10,RunNormal,ContinousSipkeNormalCarbohydrates,T104,Normal,NO
F5T120,54.2546,1.6422,0.3604,13.2068,0.1181,23.4102,0.1683,0,MDb-MM,T120,6,120,Bioreactor_A,Ferm_26_5_120,YES,SipkeNormalCarbohydrates,Continous,NO,YES,6.4,,,YES,10,RunNormal,FastingContinousSipkeNormalCarbohydrates,T120,Normal,NO
F6T120,53.5586,1.4117,0,11.7062,0.1094,24.8101,0,0.0029,MDb-MM,T120,6,120,Bioreactor_B,Ferm_26_6_120,YES,SipkeNormalCarbohydrates,Continous,NO,YES,6.7,,,YES,10,RunNormal,FastingContinousSipkeNormalCarbohydrates,T120,Normal,NO
F8T120,55.9009,1.6521,0,16.0554,0.0939,28.6383,0,0.0061,MDb-MM,T120,6,120,Bioreactor_C,Ferm_26_8_120,YES,SipkeNormalCarbohydrates,Continous,NO,YES,6.8,,,YES,10,RunNormal,FastingContinousSipkeNormalCarbohydrates,T120,Normal,NO
F5T124,51.7423,1.317,0.8687,12.2672,0.1141,21.1125,0,0,MDb-MM,T124,6,124,Bioreactor_A,Ferm_17_5_124,YES,SipkeNormalCarbohydrates,Continous,NO,NO,6.7,,,NO,10,RunNormal,ContinousSipkeNormalCarbohydrates,T124,Normal,NO
F6T124,49.9288,1.7258,0.9822,14.0546,0.1321,21.6452,0,0,MDb-MM,T124,6,124,Bioreactor_B,Ferm_17_6_124,YES,SipkeNormalCarbohydrates,Continous,NO,NO,7.7,,,NO,10,RunNormal,ContinousSipkeNormalCarbohydrates,T124,Normal,NO
F8T152,57.7105,1.9557,1.8381,15.2426,0.1853,26.6861,0,0.9575,MDb-MM,T152,7,152,Bioreactor_C,Ferm_18_8_152,YES,SipkeNormalCarbohydrates,Continous,NO,NO,8,,,NO,10,RunNormal,ContinousSipkeNormalCarbohydrates,T152,Normal,YES
F5T128,69.8756,3.2274,2.7781,16.0993,0.252,27.5607,0,4.1478,MDb-MM,T128,6,128,Bioreactor_A,Ferm_63_5_128,YES,SipkeNormalCarbohydrates,Continous,NO,NO,8.2,,,NO,10,RunNormal,ContinousSipkeNormalCarbohydrates,T128,Normal,NO
F6T128,57.4445,2.0363,2.3006,15.8785,0.2171,24.2948,0,1.7797,MDb-MM,T128,6,128,Bioreactor_B,Ferm_63_6_128,YES,SipkeNormalCarbohydrates,Continous,NO,NO,8.6,,,NO,10,RunNormal,ContinousSipkeNormalCarbohydrates,T128,Normal,NO
F8T128,59.1614,0,2.0779,21.4244,0.2424,27.5247,0,0.7172,MDb-MM,T128,6,128,Bioreactor_C,Ferm_63_8_128,YES,SipkeNormalCarbohydrates,Continous,NO,NO,8.7,,,NO,10,RunNormal,ContinousSipkeNormalCarbohydrates,T128,Normal,NO
F5T144,64.0725,1.9203,0.5064,14.5502,0.2083,28.2461,0.7044,1.8458,MDb-MM,T144,7,144,Bioreactor_A,Ferm_64_5_144,YES,SipkeNormalCarbohydrates,Continous,NO,YES,6.4,,,YES,10,RunNormal,FastingContinousSipkeNormalCarbohydrates,T144,Normal,NO
F6T144,62.7454,1.9368,0.5982,16.3013,0.1535,29.5535,0,0.101,MDb-MM,T144,7,144,Bioreactor_B,Ferm_64_6_144,YES,SipkeNormalCarbohydrates,Continous,NO,YES,6.4,,,YES,10,RunNormal,FastingContinousSipkeNormalCarbohydrates,T144,Normal,NO
F8T144,61.13,1.928,0,16.8624,0.2099,30.5997,0,0,MDb-MM,T144,7,144,Bioreactor_C,Ferm_64_8_144,YES,SipkeNormalCarbohydrates,Continous,NO,YES,6,,,YES,10,RunNormal,FastingContinousSipkeNormalCarbohydrates,T144,Normal,NO
F5T148,58.921,1.7381,1.4424,12.81,0.1472,24.2483,0,0.9139,MDb-MM,T148,7,148,Bioreactor_A,Ferm_24_5_148,YES,SipkeNormalCarbohydrates,Continous,NO,NO,8.2,,,NO,10,RunNormal,ContinousSipkeNormalCarbohydrates,T148,Normal,NO
F6T148,55.8371,1.6601,1.5351,13.6984,0.1829,25.401,0,0.5564,MDb-MM,T148,7,148,Bioreactor_B,Ferm_24_6_148,YES,SipkeNormalCarbohydrates,Continous,NO,NO,7.8,,,NO,10,RunNormal,ContinousSipkeNormalCarbohydrates,T148,Normal,NO
F8T148,58.7631,1.8159,1.1603,15.9784,0.1743,28.1988,0,0,MDb-MM,T148,7,148,Bioreactor_C,Ferm_24_8_148,YES,SipkeNormalCarbohydrates,Continous,NO,NO,7.6,,,NO,10,RunNormal,ContinousSipkeNormalCarbohydrates,T148,Normal,NO
F5T152,59.3711,1.7512,1.4069,12.4887,0.1249,23.7127,0,0.1635,MDb-MM,T152,7,152,Bioreactor_A,Ferm_18_5_152,YES,SipkeNormalCarbohydrates,Continous,NO,NO,7.8,,,NO,10,RunNormal,ContinousSipkeNormalCarbohydrates,T152,Normal,YES
F6T152,67.4092,2.0935,2.3735,16.3195,0.2178,28.0646,0,0.5944,MDb-MM,T152,7,152,Bioreactor_B,Ferm_18_6_152,YES,SipkeNormalCarbohydrates,Continous,NO,NO,7.7,,,NO,10,RunNormal,ContinousSipkeNormalCarbohydrates,T152,Normal,YES
F8T124,57.1473,1.8188,1.1823,16.9829,0.1724,28.3102,0,0,MDb-MM,T124,6,124,Bioreactor_C,Ferm_17_8_124,YES,SipkeNormalCarbohydrates,Continous,NO,NO,7.8,,,NO,10,RunNormal,ContinousSipkeNormalCarbohydrates,T124,Normal,NO
F5T168,70.335,2.2076,0.5838,14.2842,0.2477,29.5678,0.1192,0,MDb-MM,T168,8,168,Bioreactor_A,Ferm_59_5_168,YES,SipkeNormalCarbohydrates,Continous,YES,YES,6.7,,,YES,10,RunNormal,BlautiaIntroFastingContinousSipkeNormalCarbohydrates,T168,Normal,NO
F6T168,69.6118,2.387,0.5901,16.5688,0.1498,30.7561,0.0915,0.456,MDb-MM,T168,8,168,Bioreactor_B,Ferm_59_6_168,YES,SipkeNormalCarbohydrates,Continous,YES,YES,6.8,,,YES,10,RunNormal,BlautiaIntroFastingContinousSipkeNormalCarbohydrates,T168,Normal,NO
F8T168,57.3987,1.9228,0.4416,14.1084,0.1705,25.9931,0,0.3448,MDb-MM,T168,8,168,Bioreactor_C,Ferm_59_8_168,YES,SipkeNormalCarbohydrates,Continous,YES,YES,6.5,,,YES,10,RunNormal,BlautiaIntroFastingContinousSipkeNormalCarbohydrates,T168,Normal,NO
F5T172,67.9603,2.5407,1.3842,12.7378,0.1705,25.5312,0,0.3981,MDb-MM,T172,8,172,Bioreactor_A,Ferm_27_5_172,YES,SipkeNormalCarbohydrates,Continous,YES,NO,7.6,,,NO,10,RunNormal,BlautiaIntroContinousSipkeNormalCarbohydrates,T172,Normal,NO
F6T172,69.9324,2.632,1.0823,15.409,0.1988,28.5234,0,0.6886,MDb-MM,T172,8,172,Bioreactor_B,Ferm_27_6_172,YES,SipkeNormalCarbohydrates,Continous,YES,NO,7.7,,,NO,10,RunNormal,BlautiaIntroContinousSipkeNormalCarbohydrates,T172,Normal,NO
F8T172,67.2378,4.9386,2.1012,18.3685,0.2205,30.157,0,2.7778,MDb-MM,T172,8,172,Bioreactor_C,Ferm_27_8_172,YES,SipkeNormalCarbohydrates,Continous,YES,NO,8.2,,,NO,10,RunNormal,BlautiaIntroContinousSipkeNormalCarbohydrates,T172,Normal,NO
F5T173,81.45338587,0.189238506,4.781790972,17.45505216,0.437492711,25.54734904,0,1.581565661,MDb-MM,T173,8,173,Bioreactor_A,Ferm_20_5_173,YES,SipkeNormalCarbohydrates,Continous,YES,NO,10,,Yes,NO,10,RunNormal,BlautiaIntroContinousSipkeNormalCarbohydrates,T173,Normal,NO
F6T173,74.55511012,0.189612145,4.330272111,19.30004458,0.424598521,25.09784665,0,1.564742738,MDb-MM,T173,8,173,Bioreactor_B,Ferm_20_6_173,YES,SipkeNormalCarbohydrates,Continous,YES,NO,10.3,,Yes,NO,10,RunNormal,BlautiaIntroContinousSipkeNormalCarbohydrates,T173,Normal,NO
F8T173,69.73458811,0.182949257,4.162988697,18.22195498,0.459967069,24.42396229,0,1.460936,MDb-MM,T173,8,173,Bioreactor_C,Ferm_20_8_173,YES,SipkeNormalCarbohydrates,Continous,YES,NO,9.9,,Yes,NO,10,RunNormal,BlautiaIntroContinousSipkeNormalCarbohydrates,T173,Normal,NO
F5T176,80.36025573,0.344640301,3.191710988,17.30225445,0.044675393,26.41589128,0,0,MDb-MM,T176,8,176,Bioreactor_A,Ferm_36_5_176,YES,SipkeNormalCarbohydrates,Continous,YES,NO,8.2,,,NO,10,RunNormal,BlautiaIntroContinousSipkeNormalCarbohydrates,T176,Normal,YES
F6T176,73.52625542,0.243168703,2.870942207,17.27455392,0.043098559,26.4115922,0,0,MDb-MM,T176,8,176,Bioreactor_B,Ferm_36_6_176,YES,SipkeNormalCarbohydrates,Continous,YES,NO,8.8,,,NO,10,RunNormal,BlautiaIntroContinousSipkeNormalCarbohydrates,T176,Normal,YES
F8T176,70.57960262,0.283832299,2.725573367,18.30538882,0.350632375,26.19463349,0,0,MDb-MM,T176,8,176,Bioreactor_C,Ferm_36_8_176,YES,SipkeNormalCarbohydrates,Continous,YES,NO,8.5,,,NO,10,RunNormal,BlautiaIntroContinousSipkeNormalCarbohydrates,T176,Normal,YES
F5T192,85.0785,6.2453,2.0807,18.9189,0.2571,34.4507,0,4.0183,MDb-MM,T192,9,192,Bioreactor_A,Ferm_46_5_192,YES,SipkeNormalCarbohydrates,Continous,YES,YES,6.5,,,YES,10,RunNormal,BlautiaIntroFastingContinousSipkeNormalCarbohydrates,T192,Normal,NO
F6T192,83.7183,6.2042,0.9117,18.7758,0.2585,35.01,1.2287,3.5077,MDb-MM,T192,9,192,Bioreactor_B,Ferm_46_6_192,YES,SipkeNormalCarbohydrates,Continous,YES,YES,6.8,,,YES,10,RunNormal,BlautiaIntroFastingContinousSipkeNormalCarbohydrates,T192,Normal,NO
F8T192,72.091,5.2505,1.4711,18.3936,0.2897,31.3104,0,2.9601,MDb-MM,T192,9,192,Bioreactor_C,Ferm_46_8_192,YES,SipkeNormalCarbohydrates,Continous,YES,YES,6.8,,,YES,10,RunNormal,BlautiaIntroFastingContinousSipkeNormalCarbohydrates,T192,Normal,NO
F5T196,81.3578,5.4467,2.0265,17.1083,0.2305,30.9118,0,2.8176,MDb-MM,T196,9,196,Bioreactor_A,Ferm_7_5_196,YES,SipkeNormalCarbohydrates,Continous,YES,NO,8,,,NO,10,RunNormal,BlautiaIntroContinousSipkeNormalCarbohydrates,T196,Normal,NO
F6T196,78.3189,5.6034,1.5585,16.9148,0.2298,30.7519,0.806,2.843,MDb-MM,T196,9,196,Bioreactor_B,Ferm_7_6_196,YES,SipkeNormalCarbohydrates,Continous,YES,NO,7.8,,,NO,10,RunNormal,BlautiaIntroContinousSipkeNormalCarbohydrates,T196,Normal,NO
F8T196,66.0026,5.3288,1.1345,16.1669,0.2612,28.6867,0,0,MDb-MM,T196,9,196,Bioreactor_C,Ferm_7_8_796,YES,SipkeNormalCarbohydrates,Continous,YES,NO,,,,NO,10,RunNormal,BlautiaIntroContinousSipkeNormalCarbohydrates,T196,Normal,NO
F5T200,82.8518,6.6302,1.6199,19.0718,0.1937,32.1658,0,0,MDb-MM,T200,9,200,Bioreactor_A,Ferm_39_5_200,YES,SipkeNormalCarbohydrates,Continous,YES,NO,8.3,,,NO,10,RunNormal,BlautiaIntroContinousSipkeNormalCarbohydrates,T200,Normal,NO
F6T200,79.8088,5.5446,2.1139,17.0877,0.2156,30.5406,0,2.5805,MDb-MM,T200,9,200,Bioreactor_B,Ferm_39_6_200,YES,SipkeNormalCarbohydrates,Continous,YES,NO,9.6,,,NO,10,RunNormal,BlautiaIntroContinousSipkeNormalCarbohydrates,T200,Normal,NO
F8T200,83.1843,5.602,1.5369,19.7073,0.264,35.1446,0,0,MDb-MM,T200,9,200,Bioreactor_C,Ferm_39_8_200,YES,SipkeNormalCarbohydrates,Continous,YES,NO,9.3,,,NO,10,RunNormal,BlautiaIntroContinousSipkeNormalCarbohydrates,T200,Normal,NO
F5T216,91.3313,6.2688,1.9223,16.8545,0.2519,34.6355,0,3.5089,MDb-MM,T216,10,216,Bioreactor_A,Ferm_38_5_216,YES,SipkeNormalCarbohydrates,Continous,YES,YES,6.6,,,YES,10,RunNormal,BlautiaIntroFastingContinousSipkeNormalCarbohydrates,T216,Normal,NO
F6T216,92.7126,4.6694,1.5591,16.7261,0.2587,35.7885,0,2.6,MDb-MM,T216,10,216,Bioreactor_B,Ferm_38_6_216,YES,SipkeNormalCarbohydrates,Continous,YES,YES,7.3,,,YES,10,RunNormal,BlautiaIntroFastingContinousSipkeNormalCarbohydrates,T216,Normal,NO
F8T216,83.4382,5.1311,1.3709,16.5198,0.2749,32.6603,0,2.4371,MDb-MM,T216,10,216,Bioreactor_C,Ferm_38_8_216,YES,SipkeNormalCarbohydrates,Continous,YES,YES,8.2,,,YES,10,RunNormal,BlautiaIntroFastingContinousSipkeNormalCarbohydrates,T216,Normal,NO
F5T220,80.3408,2.0974,1.4283,13.1332,0.1747,25.3987,0.1813,0,MDb-MM,T220,10,220,Bioreactor_A,Ferm_30_5_220,YES,SipkeTwoXCarbohydrates,Continous,YES,NO,8,,,NO,10,RunNormal,BlautiaIntroContinousSipke2xNormalCarbohydrates,T220,Normal,NO
F6T220,87.1379,3.2359,1.3903,16.7638,0.2156,29.7791,0.0699,0.9791,MDb-MM,T220,10,220,Bioreactor_B,Ferm_30_6_220,YES,SipkeTwoXCarbohydrates,Continous,YES,NO,8.5,,,NO,10,RunNormal,BlautiaIntroContinousSipke2xNormalCarbohydrates,T220,Normal,NO
F8T220,74.592,1.8194,0.9399,12.616,0.153,25.4751,0.0774,0.8631,MDb-MM,T220,10,220,Bioreactor_C,Ferm_30_8_220,YES,SipkeTwoXCarbohydrates,Continous,YES,NO,7.7,,,NO,10,RunNormal,BlautiaIntroContinousSipke2xNormalCarbohydrates,T220,Normal,NO
F5T224,86.9184,2.7744,2.2278,14.2292,0.1549,24.3677,0,0,MDb-MM,T224,10,224,Bioreactor_A,Ferm_8_5_224,YES,SipkeTwoXCarbohydrates,Continous,YES,NO,8.9,,,NO,10,RunNormal,BlautiaIntroContinousSipke2xNormalCarbohydrates,T224,Normal,NO
F6T224,94.3643,3.3274,2.5156,17.8086,0.2229,28.3464,0,2.0276,MDb-MM,T224,10,224,Bioreactor_B,Ferm_8_6_224,YES,SipkeTwoXCarbohydrates,Continous,YES,NO,9.8,,,NO,10,RunNormal,BlautiaIntroContinousSipke2xNormalCarbohydrates,T224,Normal,NO
F8T224,90.1097,2.8702,2.9883,14.8382,0.2573,28.2208,0,0,MDb-MM,T224,10,224,Bioreactor_C,Ferm_8_8_224,YES,SipkeTwoXCarbohydrates,Continous,YES,NO,8.9,,,NO,10,RunNormal,BlautiaIntroContinousSipke2xNormalCarbohydrates,T224,Normal,NO
F5T240,87.95653928,0,1.010008513,15.74202655,0.289285209,25.69190052,0,0,MDb-MM,T240,11,240,Bioreactor_A,Ferm_13_5_240,YES,SipkeNormalCarbohydrates,Continous,YES,YES,7.9,,,YES,10,RunNormal,BlautiaIntroFastingContinousSipkeNormalCarbohydrates,T240,Normal,YES
F6T240,80.71953496,0,0.83325731,19.78634313,0,25.66432609,0,0,MDb-MM,T240,11,240,Bioreactor_B,Ferm_13_6_240,YES,SipkeNormalCarbohydrates,Continous,YES,YES,7.4,,,YES,10,RunNormal,BlautiaIntroFastingContinousSipkeNormalCarbohydrates,T240,Normal,YES
F8T240,85.83995387,0,0.831257333,18.09262969,0,26.8806377,0,0,MDb-MM,T240,11,240,Bioreactor_C,Ferm_13_8_240,YES,SipkeNormalCarbohydrates,Continous,YES,YES,7.2,,,YES,10,RunNormal,BlautiaIntroFastingContinousSipkeNormalCarbohydrates,T240,Normal,YES
F5T244,91.18203686,0.395929105,2.680826075,22.16647407,0.02523716,26.63577763,0,0,MDb-MM,T244,11,244,Bioreactor_A,Ferm_41_5_244,YES,SipkeNormalCarbohydrates,Continous,YES,NO,8.3,,,NO,10,RunNormal,BlautiaIntroContinousSipkeNormalCarbohydrates,T244,Normal,NO
F6T244,86.08010675,0.338446469,2.616776312,23.00979221,0.018483832,27.43038582,0,0,MDb-MM,T244,11,244,Bioreactor_B,Ferm_41_6_244,YES,SipkeNormalCarbohydrates,Continous,YES,NO,8.4,,,NO,10,RunNormal,BlautiaIntroContinousSipkeNormalCarbohydrates,T244,Normal,NO
F8T244,82.56357599,0.452454821,2.617197837,20.9706543,0.033205486,27.7848727,0,0,MDb-MM,T244,11,244,Bioreactor_C,Ferm_41_8_244,YES,SipkeNormalCarbohydrates,Continous,YES,NO,7.7,,,NO,10,RunNormal,BlautiaIntroContinousSipkeNormalCarbohydrates,T244,Normal,NO
F5T248,87.7949,3.7994,1.4373,19.6329,0.0877,27.5418,0.2503,0,MDb-MM,T248,11,248,Bioreactor_A,Ferm_42_5_248,YES,SipkeNormalCarbohydrates,Continous,YES,NO,8.5,,,NO,10,RunNormal,BlautiaIntroContinousSipkeNormalCarbohydrates,T248,Normal,YES
F6T248,84.8818,3.5038,1.4363,21.4057,0.1825,29.5429,0.2691,0,MDb-MM,T248,11,248,Bioreactor_B,Ferm_42_6_248,YES,SipkeNormalCarbohydrates,Continous,YES,NO,9.2,,,NO,10,RunNormal,BlautiaIntroContinousSipkeNormalCarbohydrates,T248,Normal,YES
F8T248,89.5713,3.4712,1.6958,18.777,0.2162,30.29,0,0,MDb-MM,T248,11,248,Bioreactor_C,Ferm_42_8_248,YES,SipkeNormalCarbohydrates,Continous,YES,NO,8.4,,,NO,10,RunNormal,BlautiaIntroContinousSipkeNormalCarbohydrates,T248,Normal,YES
F5T264,69.7422,2.1364,0.2326,15.8753,0.1472,26.0791,0,0.1215,MDb-MM,T264,12,264,Bioreactor_A,Ferm_16_5_264,NO,SipkeNormalCarbohydrates,Continous,YES,YES,6.8,,,YES,10,RunNormal,BlautiaIntroFastingContinousSipkeNormalCarbohydrates,T264,Normal,YES
F6T264,70.2387,2.3438,0.1994,18.5255,0.1792,28.9461,0,1.308,MDb-MM,T264,12,264,Bioreactor_B,Ferm_16_6_264,NO,SipkeNormalCarbohydrates,Continous,YES,YES,7.3,,,YES,10,RunNormal,BlautiaIntroFastingContinousSipkeNormalCarbohydrates,T264,Normal,YES
F8T264,72.0832,2.3268,0,15.9585,0.2044,28.6323,0,0,MDb-MM,T264,12,264,Bioreactor_C,Ferm_16_8_264,NO,SipkeNormalCarbohydrates,Continous,YES,YES,7.7,,,YES,10,RunNormal,BlautiaIntroFastingContinousSipkeNormalCarbohydrates,T264,Normal,YES
F5T268,71.2071,4.6719,0.826,17.8556,0.1641,25.3091,0.0889,1.212,MDb-MM,T268,12,268,Bioreactor_A,Ferm_49_5_268,NO,SipkeNormalCarbohydrates,Continous,YES,NO,7.7,,,NO,10,RunNormal,BlautiaIntroContinousSipkeNormalCarbohydrates,T268,Normal,NO
F6T268,72.4564,2.8887,0.7139,19.9248,0.1792,29.0105,0.3818,2.171,MDb-MM,T268,12,268,Bioreactor_B,Ferm_49_6_268,NO,SipkeNormalCarbohydrates,Continous,YES,NO,8.4,,,NO,10,RunNormal,BlautiaIntroContinousSipkeNormalCarbohydrates,T268,Normal,NO
F8T268,74.4608,2.2256,0.7443,15.0105,0.1694,29.0071,0.2479,1.7054,MDb-MM,T268,12,268,Bioreactor_C,Ferm_49_8_268,NO,SipkeNormalCarbohydrates,Continous,YES,NO,8.9,,,NO,10,RunNormal,BlautiaIntroContinousSipkeNormalCarbohydrates,T268,Normal,NO
F5T272,77.9572,2.7164,1.0597,17.9868,0.1413,26.0605,0.6952,0,MDb-MM,T272,12,272,Bioreactor_A,Ferm_3_5_272,NO,SipkeNormalCarbohydrates,Continous,YES,NO,8.6,,,NO,10,RunNormal,BlautiaIntroContinousSipkeNormalCarbohydrates,T272,Normal,NO
F6T272,70.354,2.8887,0.8924,19.0196,0.1953,27.5873,0.085,1.0598,MDb-MM,T272,12,272,Bioreactor_B,Ferm_3_6_272,NO,SipkeNormalCarbohydrates,Continous,YES,NO,9.5,,,NO,10,RunNormal,BlautiaIntroContinousSipkeNormalCarbohydrates,T272,Normal,NO
F8T272,72.3582,3.11,0.8268,16.4478,0.1727,27.6686,0.1333,1.1544,MDb-MM,T272,12,272,Bioreactor_C,Ferm_3_8_272,NO,SipkeNormalCarbohydrates,Continous,YES,NO,8.4,,,NO,10,RunNormal,BlautiaIntroContinousSipkeNormalCarbohydrates,T272,Normal,NO
F5T288,63.189,2.3528,0.0265,14.6286,0.1233,23.5051,0,0.9258,MDb-MM,T288,13,288,Bioreactor_A,Ferm_23_5_288,NO,SipkeNormalCarbohydrates,Continous,YES,YES,7.6,,,YES,10,RunNormal,BlautiaIntroFastingContinousSipkeNormalCarbohydrates,T288,Normal,NO
F6T288,60.384,2.4773,0.205,15.3098,0.1548,25.7332,0,0.7918,MDb-MM,T288,13,288,Bioreactor_B,Ferm_23_6_288,NO,SipkeNormalCarbohydrates,Continous,YES,YES,7.6,,,YES,10,RunNormal,BlautiaIntroFastingContinousSipkeNormalCarbohydrates,T288,Normal,NO
F8T288,69.4538,2.9413,0.2307,16.4219,0.1474,29.228,0,0.8357,MDb-MM,T288,13,288,Bioreactor_C,Ferm_23_8_288,NO,SipkeNormalCarbohydrates,Continous,YES,YES,7,,,YES,10,RunNormal,BlautiaIntroFastingContinousSipkeNormalCarbohydrates,T288,Normal,NO
F5T292,70.0609,2.9669,0.8859,15.2311,0.1727,24.0411,0.0454,0.8329,MDb-MM,T292,13,292,Bioreactor_A,Ferm_56_5_292,NO,SipkeNormalCarbohydrates,Continous,YES,NO,7.8,,,NO,10,RunNormal,BlautiaIntroContinousSipkeNormalCarbohydrates,T292,Normal,NO
F6T292,66.3954,2.264,0.7107,15.4777,0.1633,26.7117,0.2769,1.9107,MDb-MM,T292,13,292,Bioreactor_B,Ferm_55_6_292,NO,SipkeNormalCarbohydrates,Continous,YES,NO,7.6,,,NO,10,RunNormal,BlautiaIntroContinousSipkeNormalCarbohydrates,T292,Normal,NO
F8T292,79.1322,2.7334,1.696,16.5497,0.244,32.9289,0,0,MDb-MM,T292,13,292,Bioreactor_C,Ferm_55_8_292,NO,SipkeNormalCarbohydrates,Continous,YES,NO,7,,,NO,10,RunNormal,BlautiaIntroContinousSipkeNormalCarbohydrates,T292,Normal,NO
F5T296,83.6428,7.7519,2.3277,24.9964,0.1607,31.614,1.2824,4.6477,MDb-MM,T296,13,296,Bioreactor_A,Ferm_37_5_296,NO,SipkeNormalCarbohydrates,Continous,YES,NO,NA,,,NO,10,RunNormal,BlautiaIntroContinousSipkeNormalCarbohydrates,T296,Normal,NO
F6T296,79.0091,7.1075,1.6603,21.1334,0.26,34.3083,1.2818,3.9891,MDb-MM,T296,13,296,Bioreactor_B,Ferm_37_6_296,NO,SipkeNormalCarbohydrates,Continous,YES,NO,NA,,,NO,10,RunNormal,BlautiaIntroContinousSipkeNormalCarbohydrates,T296,Normal,NO
F8T296,78.2808,6.9305,1.4071,19.1901,0.2653,34.0881,1.2225,3.8242,MDb-MM,T296,13,296,Bioreactor_C,Ferm_37_8_296,NO,SipkeNormalCarbohydrates,Continous,YES,NO,NA,,,NO,10,RunNormal,BlautiaIntroContinousSipkeNormalCarbohydrates,T296,Normal,NO
F5T312,71.4525,6.5785,0,21.1016,0,30.1549,2.4367,4.079,MDb-MM,T312,14,312,Bioreactor_A,Ferm_14_5_312,NO,SipkeNormalCarbohydrates,Continous,YES,YES,6.4,,,YES,10,RunNormal,BlautiaIntroFastingContinousSipkeNormalCarbohydrates,T312,Normal,NO
F6T312,75.5216,9.3115,2.5415,24.9821,0.2559,34.712,0,5.4809,MDb-MM,T312,14,312,Bioreactor_B,Ferm_14_6_312,NO,SipkeNormalCarbohydrates,Continous,YES,YES,6.7,,,YES,10,RunNormal,BlautiaIntroFastingContinousSipkeNormalCarbohydrates,T312,Normal,NO
F8T312,77.591,5.7642,0,16.7723,0.3542,39.7823,0.9433,0,MDb-MM,T312,14,312,Bioreactor_C,Ferm_14_8_312,NO,SipkeNormalCarbohydrates,Continous,YES,YES,6.9,,,YES,10,RunNormal,BlautiaIntroFastingContinousSipkeNormalCarbohydrates,T312,Normal,NO
F5T316,77.5324,9.8038,1.14,24.5982,0.1929,35.3576,0,0,MDb-MM,T316,14,316,Bioreactor_A,Ferm_53_5_316,NO,SipkeNormalCarbohydrates,Continous,YES,NO,7.4,,,NO,10,RunNormal,BlautiaIntroContinousSipkeNormalCarbohydrates,T316,Normal,NO
F6T316,78.7743,7.7183,1.7754,25.0273,0.2092,33.9444,1.608,4.8639,MDb-MM,T316,14,316,Bioreactor_B,Ferm_53_6_316,NO,SipkeNormalCarbohydrates,Continous,YES,NO,7.8,,,NO,10,RunNormal,BlautiaIntroContinousSipkeNormalCarbohydrates,T316,Normal,NO
F8T316,77.7078,7.2965,0,23.5899,0.3837,38.9299,0,0,MDb-MM,T316,14,316,Bioreactor_C,Ferm_53_8_316,NO,SipkeNormalCarbohydrates,Continous,YES,NO,7.4,,,NO,10,Overflowed ,OverflowedBlautiaIntroContinousSipkeNormalCarbohydrates,T316,Normal,NO
F5T320,76.85285881,0.479549512,2.468409544,17.6141255,0.096102029,23.06890699,0,0,MDb-MM,T320,14,320,Bioreactor_A,Ferm_34_5_320,NO,SipkeNormalCarbohydrates,Continous,YES,NO,8.5,,,NO,10,RunNormal,BlautiaIntroContinousSipkeNormalCarbohydrates,T320,Normal,NO
F6T320,73.94723587,0.389691234,2.346039684,19.04016932,0.096668697,25.32664713,0,0,MDb-MM,T320,14,320,Bioreactor_B,Ferm_34_6_320,NO,SipkeNormalCarbohydrates,Continous,YES,NO,9.1,,,NO,10,RunNormal,BlautiaIntroContinousSipkeNormalCarbohydrates,T320,Normal,NO
F8T320,70.2554078,0.511204482,0.808878755,16.40984732,0.077600102,25.90435728,0,0,MDb-MM,T320,14,320,Bioreactor_C,Ferm_34_8_320,NO,SipkeNormalCarbohydrates,Continous,YES,NO,8.6,,,NO,10,RunNormal,BlautiaIntroContinousSipkeNormalCarbohydrates,T320,Normal,NO
F5T336,54.86615947,0.327720799,0.538614981,13.181391,0.236262923,17.99699099,0,0,MDb-MM,T336,15,336,Bioreactor_A,Ferm_4_5_336,NO,SipkeNormalCarbohydrates,Continous,YES,YES,6.7,,,YES,10,RunNormal,BlautiaIntroFastingContinousSipkeNormalCarbohydrates,T336,Normal,NO
F6T336,68.35887255,0.623555426,0.728408195,15.65478754,0.338515367,25.32001609,0,0,MDb-MM,T336,15,336,Bioreactor_B,Ferm_4_6_336,NO,SipkeNormalCarbohydrates,Continous,YES,YES,7,,,YES,10,RunNormal,BlautiaIntroFastingContinousSipkeNormalCarbohydrates,T336,Normal,NO
F8T336,64.67375106,0.450833654,0.63639859,15.35989744,0,24.2302457,0,0,MDb-MM,T336,15,336,Bioreactor_C,Ferm_4_8_336,NO,SipkeNormalCarbohydrates,Continous,YES,YES,7.1,,,YES,10,RunNormal,BlautiaIntroFastingContinousSipkeNormalCarbohydrates,T336,Normal,NO
F5T340,67.04823449,0.438440025,0.628979875,16.48063176,0.043447344,21.05109673,0,0,MDb-MM,T340,15,340,Bioreactor_A,Ferm_52_5_340,NO,SipkeNormalCarbohydrates,Continous,YES,NO,7.2,,,NO,10,RunNormal,BlautiaIntroContinousSipkeNormalCarbohydrates,T340,Normal,NO
F6T340,59.81396962,0.423292156,0.49706642,15.46399968,0.042642413,21.0122743,0,0,MDb-MM,T340,15,340,Bioreactor_B,Ferm_52_6_340,NO,SipkeNormalCarbohydrates,Continous,YES,NO,7.8,,,NO,10,RunNormal,BlautiaIntroContinousSipkeNormalCarbohydrates,T340,Normal,NO
F8T340,64.18364663,0.469316982,0.415874092,15.43458608,0.041437033,23.68373212,0,0,MDb-MM,T340,15,340,Bioreactor_C,Ferm_52_8_340,NO,SipkeNormalCarbohydrates,Continous,YES,NO,7.4,,,NO,10,RunNormal,BlautiaIntroContinousSipkeNormalCarbohydrates,T340,Normal,NO
F5T344,69.57160075,0.486978257,1.35650306,17.12609411,0.308058613,22.15095066,0,0,MDb-MM,T344,15,344,Bioreactor_A,Ferm_22_5_344,NO,SipkeNormalCarbohydrates,Continous,YES,NO,8.4,,,NO,10,RunNormal,BlautiaIntroContinousSipkeNormalCarbohydrates,T344,Normal,NO
F6T344,79.12511961,0.631298634,2.619045918,22.55261213,0.296175186,28.44765867,0,0,MDb-MM,T344,15,344,Bioreactor_B,Ferm_22_6_344,NO,SipkeNormalCarbohydrates,Continous,YES,NO,8.8,,,NO,10,RunNormal,BlautiaIntroContinousSipkeNormalCarbohydrates,T344,Normal,NO
F8T344,74.71117272,0.634443029,1.236277201,18.58234472,0.071117058,27.63435724,0,0,MDb-MM,T344,15,344,Bioreactor_C,Ferm_22_8_344,NO,SipkeNormalCarbohydrates,Continous,YES,NO,8.2,,,NO,10,RunNormal,BlautiaIntroContinousSipkeNormalCarbohydrates,T344,Normal,NO
F5T365,60.95374506,0.583621217,0.711004261,15.90899129,0.21262103,22.51664876,0,0,MDb-MM,T365,16,365,Bioreactor_A,Ferm_44_5_365,NO,SipkeNormalCarbohydrates,Continous,YES,YES,5.7,,,Elongated fasting period,10,Elongated fasting period,BlautiaIntroElongatedFastingContinousSipkeNormalCarbohydrates,T365,Normal,NO
F6T365,59.56490664,0.608430493,0.803924815,16.81742368,0.230689794,23.97808506,0,0,MDb-MM,T365,16,365,Bioreactor_B,Ferm_44_6_365,NO,SipkeNormalCarbohydrates,Continous,YES,YES,6,,,Elongated fasting period,10,Elongated fasting period,BlautiaIntroElongatedFastingContinousSipkeNormalCarbohydrates,T365,Normal,NO
F8T365,62.0223165,0.660348681,0.628104303,14.94468571,0.183112638,25.72053208,0,0,MDb-MM,T365,16,365,Bioreactor_C,Ferm_44_8_365,NO,SipkeNormalCarbohydrates,Continous,YES,YES,6.2,,,Elongated fasting period,10,Elongated fasting period,BlautiaIntroElongatedFastingContinousSipkeNormalCarbohydrates,T365,Normal,NO
F5T389,53.83907394,0.603238537,0.506918224,13.23697301,0.206639646,19.38113326,0,0,MDb-MM,T389,17,389,Bioreactor_A,Ferm_61_5_389,NO,SipkeNormalCarbohydrates,Continous,NO,NO,7.8,,,NO,10,RunNormal,ContinousSipkeNormalCarbohydrates,T389,Normal,NO
F6T389,47.18487864,0.545467127,0.749637225,13.51710976,0.217812027,19.96779899,0,0,MDb-MM,T389,17,389,Bioreactor_B,Ferm_61_5_389,NO,SipkeNormalCarbohydrates,Continous,NO,NO,8.4,,,NO,10,RunNormal,ContinousSipkeNormalCarbohydrates,T389,Normal,NO
F8T389,55.10530377,0.673559315,0.506353218,13.69098037,0.183911763,21.60133046,0,0,MDb-MM,T389,17,389,Bioreactor_C,Ferm_61_5_389,NO,SipkeNormalCarbohydrates,Continous,NO,NO,8.6,,,NO,10,RunNormal,ContinousSipkeNormalCarbohydrates,T389,Normal,NO
F5T390,56.07960647,0.502111906,1.611158647,13.07735947,1.786053917,17.27435219,0,0,MDb-MM,T390,17,390,Bioreactor_A,Ferm_10_5_390,NO,SipkeNormalCarbohydrates,Continous,YES,YES,8.2,,YES,Elongated fasting period,10,Elongated fasting period,BlautiaIntroElongatedFastingContinousSipkeNormalCarbohydrates,T390,Normal,NO
F6T390,49.14093055,0.469867463,2.64809796,13.02565158,1.846311381,18.7966658,0,1.196083013,MDb-MM,T390,17,390,Bioreactor_B,Ferm_10_6_390,NO,SipkeNormalCarbohydrates,Continous,YES,YES,10,,YES,Elongated fasting period,10,Elongated fasting period,BlautiaIntroElongatedFastingContinousSipkeNormalCarbohydrates,T390,Normal,NO
F8T390,58.2025838,0.579870605,2.047002443,13.81257565,1.7930396,19.85501369,0,0,MDb-MM,T390,17,390,Bioreactor_C,Ferm_10_8_390,NO,SipkeNormalCarbohydrates,Continous,YES,YES,8.7,,YES,Elongated fasting period,10,Elongated fasting period,BlautiaIntroElongatedFastingContinousSipkeNormalCarbohydrates,T390,Normal,NO
F5T408,56.99339109,0.602152254,0.296820123,13.9585336,0.103020016,17.37735673,0,0,MDb-MM,T408,18,408,Bioreactor_A,Ferm_19_5_408,NO,SipkeNormalCarbohydrates,Continous,YES,YES,6.1,,,Elongated fasting period,10,RunNormal,BlautiaIntroFastingContinousSipkeNormalCarbohydrates,T408,Normal,NO
F6T408,51.759577,0.595976083,0.896616031,14.15300014,0.21970837,22.80462595,0,0,MDb-MM,T408,18,408,Bioreactor_B,Ferm_19_6_408,NO,SipkeNormalCarbohydrates,Continous,YES,YES,5.9,,,Elongated fasting period,10,RunNormal,BlautiaIntroFastingContinousSipkeNormalCarbohydrates,T408,Normal,NO
F8T408,53.86036549,0.527593687,0.506005919,13.4499625,0.162502749,18.40619162,0,0,MDb-MM,T408,18,408,Bioreactor_C,Ferm_19_8_408,NO,SipkeNormalCarbohydrates,Continous,YES,YES,6.5,,,Elongated fasting period,10,RunNormal,BlautiaIntroFastingContinousSipkeNormalCarbohydrates,T408,Normal,NO
F5T412,67.77592911,0.564115829,0.97457531,16.28350569,0.262150443,18.71884251,0,0,MDb-MM,T412,18,412,Bioreactor_A,Ferm_48_5_412,NO,SipkeNormalCarbohydrates,Continous,YES,NO,7.3,,,NO,10,RunNormal,BlautiaIntroContinousSipkeNormalCarbohydrates,T412,Normal,NO
F6T412,52.49667401,0.493132409,2.258800845,14.43884222,0.03198376,20.66702987,0,0,MDb-MM,T412,18,412,Bioreactor_B,Ferm_48_6_412,NO,SipkeNormalCarbohydrates,Continous,YES,NO,7.2,,,NO,10,RunNormal,BlautiaIntroContinousSipkeNormalCarbohydrates,T412,Normal,NO
F8T412,65.17212754,0.621260607,1.252948156,16.03145749,0.025208503,20.89178683,0,0,MDb-MM,T412,18,412,Bioreactor_C,Ferm_48_8_412,NO,SipkeNormalCarbohydrates,Continous,YES,NO,7.4,,,NO,10,RunNormal,BlautiaIntroContinousSipkeNormalCarbohydrates,T412,Normal,NO
F5T416,85.3950716,0.457559847,2.35864468,20.71085524,0.022445797,23.85006232,0,0,MDb-MM,T416,18,416,Bioreactor_A,Ferm_12_5_416,NO,SipkeNormalCarbohydrates,Continous,YES,NO,8.4,,,NO,10,RunNormal,BlautiaIntroContinousSipkeNormalCarbohydrates,T416,Normal,NO
F6T416,60.83629199,0.375475742,2.812561561,15.79654352,0.023717436,22.85366945,0,0,MDb-MM,T416,18,416,Bioreactor_B,Ferm_12_6_416,NO,SipkeNormalCarbohydrates,Continous,YES,NO,8.4,,,NO,10,RunNormal,BlautiaIntroContinousSipkeNormalCarbohydrates,T416,Normal,NO
F8T416,72.57977715,0.588518437,2.039293216,16.17972537,0.01594607,23.26600442,0,0,MDb-MM,T416,18,416,Bioreactor_C,Ferm_12_8_416,NO,SipkeNormalCarbohydrates,Continous,YES,NO,7.9,,,NO,10,RunNormal,BlautiaIntroContinousSipkeNormalCarbohydrates,T416,Normal,NO
F5T432,61.98779161,0.564394281,0.475391922,15.93759327,0.160871438,18.59550481,0,0,MDb-MM,T432,19,432,Bioreactor_A,Ferm_58_5_432,NO,SipkeNormalCarbohydrates,Continous,YES,YES,7.2,,,YES,20,DoubleDilutionRate,DoubleDilutionRateBlautiaIntroFastingContinousSipkeNormalCarbohydrates,T432,Normal,NO
F6T432,61.73094189,0.591241255,0.785715618,16.3324471,0.215557553,25.35368736,0,0,MDb-MM,T432,19,432,Bioreactor_B,Ferm_58_6_432,NO,SipkeNormalCarbohydrates,Continous,YES,YES,6.7,,,YES,20,DoubleDilutionRate,DoubleDilutionRateBlautiaIntroFastingContinousSipkeNormalCarbohydrates,T432,Normal,NO
F8T432,53.66989462,0.432459046,0.420186489,13.46129059,0.159053797,17.98725032,0,0,MDb-MM,T432,19,432,Bioreactor_C,Ferm_58_8_432,NO,SipkeNormalCarbohydrates,Continous,YES,YES,6.8,,,YES,20,DoubleDilutionRate,DoubleDilutionRateBlautiaIntroFastingContinousSipkeNormalCarbohydrates,T432,Normal,NO
F5T434,65.45672924,0.635323112,2.314415023,19.01402529,0.338034528,18.486508,0,0,MDb-MM,T434,19,434,Bioreactor_A,Ferm_35_5_434,NO,SipkeNormalCarbohydrates,Continous,YES,NO,8.5,,,NO,10,RunNormal,BlautiaIntroContinousSipkeNormalCarbohydrates,T434,Normal,NO
F6T434,60.83953071,0.693895471,3.1088663,15.78116563,0.2893126,22.6361167,0,0,MDb-MM,T434,19,434,Bioreactor_B,Ferm_35_6_434,NO,SipkeNormalCarbohydrates,Continous,YES,NO,8.3,,,NO,10,RunNormal,BlautiaIntroContinousSipkeNormalCarbohydrates,T434,Normal,NO
F8T434,67.65076916,0.722338841,1.898467065,16.28910803,0.279504311,21.38247792,0,0,MDb-MM,T434,19,434,Bioreactor_C,Ferm_35_8_434,NO,SipkeNormalCarbohydrates,Continous,YES,NO,7.4,,,NO,10,RunNormal,BlautiaIntroContinousSipkeNormalCarbohydrates,T434,Normal,NO
F5T436,67.17261324,0.52541057,2.371756667,19.34688666,0.220699845,18.58847381,0,0,MDb-MM,T436,19,436,Bioreactor_A,Ferm_57_5_436,NO,SipkeNormalCarbohydrates,Continous,YES,NO,8.1,,,NO,20,DoubleDilutionRate,DoubleDilutionRateBlautiaIntroFastingContinousSipkeNormalCarbohydrates,T436,Normal,NO
F6T436,57.46113255,0.40274911,2.825163223,15.81886284,0.028389753,21.04974999,0,0,MDb-MM,T436,19,436,Bioreactor_B,Ferm_57_6_436,NO,SipkeNormalCarbohydrates,Continous,YES,NO,8,,,NO,20,DoubleDilutionRate,DoubleDilutionRateBlautiaIntroFastingContinousSipkeNormalCarbohydrates,T436,Normal,NO
F8T436,63.93501003,0.567851992,1.341621285,16.2131914,0.02129107,20.41811612,0,0,MDb-MM,T436,19,436,Bioreactor_C,Ferm_57_8_436,NO,SipkeNormalCarbohydrates,Continous,YES,NO,7.9,,,NO,20,DoubleDilutionRate,DoubleDilutionRateBlautiaIntroFastingContinousSipkeNormalCarbohydrates,T436,Normal,NO
F5T438,61.6737411,0.45220527,3.569947938,18.17676141,0.03273555,16.1129097,0,0,MDb-MM,T438,19,438,Bioreactor_A,Ferm_65_5_438,NO,SipkeNormalCarbohydrates,Continous,YES,NO,9.1,,,NO,10,RunNormal,BlautiaIntroContinousSipkeNormalCarbohydrates,T438,Normal,NO
F6T438,55.09963327,0.379221538,4.102377321,15.22599906,0.035805403,19.40313406,0,0,MDb-MM,T438,19,438,Bioreactor_B,Ferm_65_6_438,NO,SipkeNormalCarbohydrates,Continous,YES,NO,9.5,,,NO,10,RunNormal,BlautiaIntroContinousSipkeNormalCarbohydrates,T438,Normal,NO
F8T438,61.12748505,0.450883656,2.753304372,16.32661463,0.026223312,19.04688429,0,0,MDb-MM,T438,19,438,Bioreactor_C,Ferm_65_8_438,NO,SipkeNormalCarbohydrates,Continous,YES,NO,8.7,,,NO,10,RunNormal,BlautiaIntroContinousSipkeNormalCarbohydrates,T438,SwitchedwithFerm_65_8_438,NO
F5T440,62.95460434,0.585404318,3.107134313,18.42963265,0.267674361,17.55448858,0,0,MDb-MM,T440,19,440,Bioreactor_A,Ferm_40_5_440,NO,SipkeNormalCarbohydrates,Continous,YES,NO,8.6,,,NO,10,RunNormal,BlautiaIntroContinousSipkeNormalCarbohydrates,T440,Normal,NO
F6T440,58.45707856,0.518348353,3.590218517,16.9560234,0.292994101,21.61630987,0,0,MDb-MM,T440,19,440,Bioreactor_B,Ferm_40_6_440,NO,SipkeNormalCarbohydrates,Continous,YES,NO,8.6,,,NO,10,RunNormal,BlautiaIntroContinousSipkeNormalCarbohydrates,T440,Normal,NO
F8T440,61.73121946,0.610977387,2.195826082,16.26725249,0.269736499,20.07455333,0,0,MDb-MM,T440,19,440,Bioreactor_C,Ferm_40_8_440,NO,SipkeNormalCarbohydrates,Continous,YES,NO,8.1,,,NO,10,RunNormal,BlautiaIntroContinousSipkeNormalCarbohydrates,T440,Normal,NO
F5T456,59.50430957,0.618696741,0.737111072,16.66853391,0.182513143,18.20112986,0,0,MDb-MM,T456,20,456,Bioreactor_A,Ferm_6_5_456,NO,SipkeNormalCarbohydrates,Continous,YES,YES,6.8,,,YES,10,RunNormal,BlautiaIntroFastingContinousSipkeNormalCarbohydrates,T456,Normal,NO
F6T456,50.72836854,0.527445516,0.748090348,12.95543656,0.181589382,21.01446296,0,0,MDb-MM,T456,20,456,Bioreactor_B,Ferm_6_6_456,NO,SipkeNormalCarbohydrates,Continous,YES,YES,6.4,,,YES,10,RunNormal,BlautiaIntroFastingContinousSipkeNormalCarbohydrates,T456,Normal,NO
F8T456,59.66172368,0.665857164,0.564712517,14.36105639,0,20.3910726,0,0,MDb-MM,T456,20,456,Bioreactor_C,Ferm_6_8_456,NO,SipkeNormalCarbohydrates,Continous,YES,YES,6.6,,,YES,10,RunNormal,BlautiaIntroFastingContinousSipkeNormalCarbohydrates,T456,Normal,NO
F5T460,70.72859718,0.607607524,1.341678628,21.94525675,0.287899279,20.65038584,0,0,MDb-MM,T460,20,460,Bioreactor_A,Ferm_45_5_460,NO,SipkeNormalCarbohydrates,Continous,YES,NO,8,,,NO,10,RunNormal,BlautiaIntroContinousSipkeNormalCarbohydrates,T460,Normal,NO
F6T460,63.71112978,0.541779591,1.63723577,16.98535531,0.030159244,24.42104206,0,0,MDb-MM,T460,20,460,Bioreactor_B,Ferm_45_6_460,NO,SipkeNormalCarbohydrates,Continous,YES,NO,8,,,NO,10,RunNormal,BlautiaIntroContinousSipkeNormalCarbohydrates,T460,Normal,NO
F8T460,68.89701367,0.59027883,1.029526746,18.15844138,0.025999981,22.49667054,0,0,MDb-MM,T460,20,460,Bioreactor_C,Ferm_45_8_460,NO,SipkeNormalCarbohydrates,Continous,YES,NO,7.9,,,NO,10,RunNormal,BlautiaIntroContinousSipkeNormalCarbohydrates,T460,Normal,NO
